{"train_loss_d": [0.3568105101585388, 0.4056064486503601, 0.3818708658218384, 1.376219391822815, 3.0799522399902344, -1.8581326007843018, -1.7564727067947388, -1.3780043125152588, 2.926079273223877, 2.601938486099243], "train_loss_eg": [6.572291851043701, 3.7842180728912354, -0.21204066276550293, 0.236211895942688, -2.8862366676330566, 3.0751521587371826, 3.432044267654419, 3.291120767593384, -1.634703278541565, 1.461838960647583], "train_loss_d_average": [2.9569005450606345, 0.1589278887708982, -0.13730230537553628, 0.1722171360005935, 0.16163558152814705, -0.14182944258054098, 0.33601299996177353, -0.10040476766725381, 0.6182401811579863, -0.18136596729358037], "train_loss_eg_average": [103.5460290813446, 5.895472380320231, 1.5270462067921957, 1.5852053423722585, 2.067709658940633, 1.9865878148873648, 0.702506111462911, 2.2789698680241903, -0.3428609871864319, 3.981139732201894], "valid_loss": [8.12981823328379, 3.278570658451802, 1.9131154111913733, 1.6105645218411007, 1.8287616774842546, 1.6055360098142881, 1.7511704096923004, 1.4187075254079458, 1.9068507471600094, 1.3286053425556905], "epochs": [1, 2, 3, 4, 5, 6, 7, 8, 9, 10]}